business_name,address,slug
vanaz pariwar vidya mandir school,"kothrud, pune, maharashtra",vanaz-pariwar-vidya-mandir-school
abhinava vidyalaya,"kothrud, pune, maharashtra",abhinava-vidyalaya
dilip oak's academy,"819, bhandarkar path, pune, 411004",dilip-oaks-academy
hostel for research student,"aundh, pune, maharashtra",hostel-for-research-student
impulse fitness,"kondhwa, pune, 411048",impulse-fitness
gym treaner home trening,"koregaon park, pune, 411001",gym-treaner-home-trening
dilip vengsarkar cricket academy,"wakad, pune, maharashtra",dilip-vengsarkar-cricket-academy
body master,"swargate, pune, maharashtra",body-master
xtreme fitness,"pimple saudagar, pune, maharashtra",xtreme-fitness
baba health club,"hadapsar, pune, 411028",baba-health-club
sindh society club house,"aundh, pune, maharashtra",sindh-society-club-house
24k fitness gym,"blue ridge approach road, hinjawadi, 411057",24k-fitness-gym
mr salonix™,"ravet, pune, maharashtra",mr-salonix
black salon,"hinjawadi, pune, maharashtra",black-salon
cafe buddy’s espresso,"wakad, pune, maharashtra",cafe-buddys-espresso
bakliwal tutorials,"shantivan society road, pune, 411045",bakliwal-tutorials
"best gate, ese & sescoachingin india","ravet, pune, maharashtra",best-gate-ese-sescoachingin-india
"bestcoachinginstitute for neet, iit-jee, motion kota","ravet, pune, maharashtra",bestcoachinginstitute-for-neet-iit-jee-motion-kota
coachingselect,"ravet, pune, maharashtra",coachingselect
d. y. patil dnyanshanti school,"sector 29, akurdi, ravet road, pune, 411044",d-y-patil-dnyanshanti-school
dav public school,"157, ramchandra gayakwad path, pune, 411007",dav-public-school
door step school - maan gaon,"hinjawadi, pune, maharashtra",door-step-school-maan-gaon
ggis,"gqcf+vwp, dsk ranwara rd, sunarwadi, patil nagar, bavdhan, pune, 411021",ggis
"india education, education in india, careercoachingindia,coaching...","ravet, pune, maharashtra",india-education-education-in-india-careercoachingindiacoaching
"india's topcoachinginstitute for neet, jee main+advanced, …","ravet, pune, maharashtra",indias-topcoachinginstitute-for-neet-jee-mainadvanced
"indira college of arts, commerce and science (icacs)","hinjawadi, pune, maharashtra",indira-college-of-arts-commerce-and-science-icacs
"institute for sustainable development , cdsa","bavdhan, pune, maharashtra",institute-for-sustainable-development-cdsa
kaulgud academy,"ramchandra gayakwad path, pune, 411007",kaulgud-academy
kendriya vidyalaya ganeshkhind,"university road, pune, 411007",kendriya-vidyalaya-ganeshkhind
kidzee,"pune, 411007",kidzee
mahesh tutorials,"nagras road, pune, 411007",mahesh-tutorials
mindseed preschool and daycare,"ramchandra gayakwad path, pune, 411007",mindseed-preschool-and-daycare
seed tutorials,"14, dhananjay gadgil path, pune, 411004",seed-tutorials
sri sri ravishankar bal mandir (ssrbm),"1/10/16, plot no 16, amchi colony, nda pashan rd, off sbi bank, bavdhan, pune, 411021",sri-sri-ravishankar-bal-mandir-ssrbm
suryadatta group of institutes,"patil nagar, pune, 411021",suryadatta-group-of-institutes
symbiosis international school,"airport new road, 411014",symbiosis-international-school
takalkar classes,"new dp road, pune, 411045",takalkar-classes
technogeeks,"3rd floor, plot 7,, common wealth society opposite aundh telephone exchange landmark : gaikwad petrol pump, pune, 411007",technogeeks
the orchid school,"mhalunge road, baner, pune, 411045",the-orchid-school
upcoming workshops,"ravet, pune, maharashtra",upcoming-workshops
what iscoaching? guide to whatcoachingmeans in 2026,"ravet, pune, maharashtra",what-iscoaching-guide-to-whatcoachingmeans-in-2026
abdul hamid urdu school,"sr. no. 12, laxminagar yerwada, pune, 411006",abdul-hamid-urdu-school
air force school viman nagar,"viman nagar, pune, maharashtra",air-force-school-viman-nagar
annasaheb patil school,"kothrud, pune, maharashtra",annasaheb-patil-school
anusayabai khilare shala,"kothrud, pune, maharashtra",anusayabai-khilare-shala
arc studio,"baner, pune, maharashtra",arc-studio
athrava ved school,"kothrud, pune, maharashtra",athrava-ved-school
baby's high school,"pimpri, pune, maharashtra",babys-high-school
bharti school ground,"katraj, pune, maharashtra",bharti-school-ground
bharti vidyapeeth english medium school,"baner, pune, maharashtra",bharti-vidyapeeth-english-medium-school
bhaskaracharya pratishthan,"56/14, v. g. damle path, pune, 411004",bhaskaracharya-pratishthan
bishop's school,"kalyani nagar, pune, maharashtra",bishops-school
blue ridge public school,"phase 1, blue ridge approach road, pimpri-chinchwad, 411057",blue-ridge-public-school
bora classes,"kalyani nagar, pune, maharashtra",bora-classes
brihan maharashtra college of commerce,"kothrud, pune, maharashtra",brihan-maharashtra-college-of-commerce
cadcamguru solutions pvt. ltd.,"11, 12, pushkaraj no. 1 co-operative housing society, behind bharati vidyapeeth, dhanakwadi, pune, 411043",cadcamguru-solutions
cambridge basketball court,"marhum jamalbhai siddiki path, akurdi, 411044",cambridge-basketball-court
cambridge school ground,"old pune–mumbai highway, akurdi, 411044",cambridge-school-ground
centre for environment education (cee) pune,"1, pune, 411045",centre-for-environment-education-cee-pune
challenger public school,"hinjawadi, pune, maharashtra",challenger-public-school
city international school aundh,"aundh, pune, maharashtra",city-international-school-aundh
city pride school,"chinchwad, pune, maharashtra",city-pride-school
cn dhavale english medium school,"hinjawadi, pune, maharashtra",cn-dhavale-english-medium-school
dr babasaheb ambedkar school,"dhanori, pune, maharashtra",dr-babasaheb-ambedkar-school
dr mrs erin n nagarwala day school (e.n.n.s),"pune, 411006",dr-mrs-erin-n-nagarwala-day-school-enns
dr. kalmadi shamarao high school,"baner, pune, maharashtra",dr-kalmadi-shamarao-high-school
dr. kalmadi shamarao high school and junior college,"kothrud, pune, maharashtra",dr-kalmadi-shamarao-high-school-and-junior-college
e-learning school pmc,"kothrud, pune, maharashtra",e-learning-school-pmc
edify school hinjawadi,"hinjawadi, pune, maharashtra",edify-school-hinjawadi
ekta academy borate classes,"sr.no. 47/3/1, kharadi road, pune, 411014",ekta-academy-borate-classes
eon gyanankur english school,"kharadi south main road, pune, 411014",eon-gyanankur-english-school
erandawane madhyamik vidyalay,"kothrud, pune, maharashtra",erandawane-madhyamik-vidyalay
erin nagarwala school,"kalyani nagar, pune, maharashtra",erin-nagarwala-school
"eurakids preschool in hinjewadi ,pune","hinjawadi, pune, maharashtra",eurakids-preschool-in-hinjewadi-pune
genba sopanrao moze college of engineering,"baner, pune, maharashtra",genba-sopanrao-moze-college-of-engineering
genba sopanrao moze school,"sr. no.191, nagpur chawl road, mh society, yerwada, pune, 411006",genba-sopanrao-moze-school
government aided school,"kothrud, pune, maharashtra",government-aided-school
gr palkar primary school,411052,gr-palkar-primary-school
gurumaya school,"chinchwad, pune, maharashtra",gurumaya-school
hadoop school of training,"kothrud, pune, maharashtra",hadoop-school-of-training
harmony institute of music,"baner, pune, maharashtra",harmony-institute-of-music
high school hinjawadi,"hprp+9p7, phase 1, hinjewadi rajiv gandhi infotech park, hinjawadi, pune, maharashtra 411057, hinjawadi phase 2 road, hinjawadi, 411057",high-school-hinjawadi
hindustan antibiotics school,"old pune–mumbai highway, pimpri",hindustan-antibiotics-school
indian institute of business management,"hinjawadi, pune, maharashtra",indian-institute-of-business-management
indira gandhi school no 87b,"aundh, pune, maharashtra",indira-gandhi-school-no-87b
indira kids,"aundh, pune, maharashtra",indira-kids
indus early learning centre aundh,"baner, pune, maharashtra",indus-early-learning-centre-aundh
induschamps school cbse,"hinjawadi, pune, maharashtra",induschamps-school-cbse
jaihind high school,"pimpri, pune, maharashtra",jaihind-high-school
jn petit technical high school,"koregaon park, pune, maharashtra",jn-petit-technical-high-school
jnana prabodhini navanagar vidyalaya,"pimpri chinchwad, 411044",jnana-prabodhini-navanagar-vidyalaya
jog college,"chhatrapati rajaram maharaj path, kothrud, pune, 411038",jog-college
jspm university pune,"gat no. 720, nagar road, pune, 412207",jspm-university-pune
kedar bhagwat music academy,"kothrud, pune, maharashtra",kedar-bhagwat-music-academy
kendriya vidyalaya,"prince of wales drive, pune, 411009",kendriya-vidyalaya
kendriya vidyalaya no. 2 dehu road,"pimple nilakh, pune, maharashtra",kendriya-vidyalaya-no-2-dehu-road
kg1,"76/3, kirti nagar, new sangvi, pune, 411027",kg1
khanderao junawane government school,"aundh, pune, maharashtra",khanderao-junawane-government-school
kiddis nook,"baner, pune, maharashtra",kiddis-nook
kirti vidyalaya high school,"akurdi, pune, maharashtra",kirti-vidyalaya-high-school
klay preschool and daycare,"aundh, pune, maharashtra",klay-preschool-and-daycare
kridaniketan shala,"kothrud, pune, maharashtra",kridaniketan-shala
kroot memorial school,"pune, 411040",kroot-memorial-school
lexicon international school kalyani nagar,"kalyani nagar, central avenue, pune, 411006",lexicon-international-school-kalyani-nagar
lexikon international school,"nagar road, wagholi, 412207",lexikon-international-school
little millennium preschool,"hinjawadi, pune, maharashtra",little-millennium-preschool
little miracles,"kothrud, pune, maharashtra",little-miracles
lokseva cbse school,"baner, pune, maharashtra",lokseva-cbse-school
maharastra vidya mandal,"kothrud, pune, maharashtra",maharastra-vidya-mandal
mahesh vidyalaya,"kothrud, pune, maharashtra",mahesh-vidyalaya
mahindra international school,"hinjawadi, pune, maharashtra",mahindra-international-school
mansukhbhai kothari national school,"kondhwa, pune, maharashtra",mansukhbhai-kothari-national-school
marathon international school and junior collage,"patil buwa nagar, pune, 411014",marathon-international-school-and-junior-collage
marathwada mitramandal college of engineering,"karve nagar , pune, 411052",marathwada-mitramandal-college-of-engineering
media magic institute,"kothrud, pune, maharashtra",media-magic-institute
mes bal shikshan mandir english medium school,"chhatrapati rajaram marg, pune, 411029",mes-bal-shikshan-mandir-english-medium-school
millennium national school,"karve road , karve nagar , pune, 411052",millennium-national-school
mit school and junior college of commerce & science,"127/1a, paud rd, mahaganesh colony, kothrud, pune, maharashtra 411038",mit-school-and-junior-college-of-commerce-science
mount carmel convent,"kondhwa, pune, maharashtra",mount-carmel-convent
mount carmel school,"block a, prakash cooperative housing society, pune, 411040",mount-carmel-school
naad insitute,"kothrud, pune, maharashtra",naad-insitute
narayanrao genba moze school ground,"dhanori, pune, maharashtra",narayanrao-genba-moze-school-ground
nirmala convent school,"kharadi, pune, maharashtra",nirmala-convent-school
nutty nattu's venkateshwara classes,"aundh, pune, maharashtra",nutty-nattus-venkateshwara-classes
oakridge school,"kondhwa, pune, maharashtra",oakridge-school
olive national school,"kondhwa, pune, maharashtra",olive-national-school
om sai english medium school,"hinjawadi, pune, maharashtra",om-sai-english-medium-school
orchids international school ground,"yashopuram road, pune, 411033",orchids-international-school-ground
panditrao agashe school,"kothrud, pune, maharashtra",panditrao-agashe-school
paranjape nursery school,"kothrud, pune, maharashtra",paranjape-nursery-school
periwinkle english medium school,"bavdhan, pune, maharashtra",periwinkle-english-medium-school
phoenix world school,"kharadi, pune, maharashtra",phoenix-world-school
play to learn,"kothrud, pune, maharashtra",play-to-learn
prof ramkrishna more college,"chinchwad, pune, maharashtra",prof-ramkrishna-more-college
rahul international school (ris),"hinjawadi, pune, maharashtra",rahul-international-school-ris
raja shree shivrai pratishthan school,"rambaug colony road, pune, 411038",raja-shree-shivrai-pratishthan-school
ramchandran international institute,"bavdhan, pune, maharashtra",ramchandran-international-institute
rasiklal m. dhariwal international school,"jqmh+365,pawana nagar housing society,chichwad, pimpri-chinchwad, pune, 411033",rasiklal-m-dhariwal-international-school
ryan international academy,"hinjawadi, pune, maharashtra",ryan-international-academy
s.b.patil public school,"pimple nilakh, pune, maharashtra",sbpatil-public-school
sahyadri internationsal school,"kothrud, pune, maharashtra",sahyadri-internationsal-school
sanskriti school,"wagholi, pune, maharashtra",sanskriti-school
school of culture and language,"kothrud, pune, maharashtra",school-of-culture-and-language
school of internet marketing,"b107 gera imperium oasis, old pune–mumbai highway",school-of-internet-marketing
seed infotech,"aundh, pune, maharashtra",seed-infotech
sevasadan english medium school,"1410, patwardhan baug, maai mangeshkar path, pune, 411004",sevasadan-english-medium-school
shanti juniors,"hinjawadi, pune, maharashtra",shanti-juniors
shanti juniors preschool,"hinjawadi, pune, maharashtra",shanti-juniors-preschool
sharf,"kothrud, pune, maharashtra",sharf
shree mhalsakant vidhyalaya,"chinchwad, pune, maharashtra",shree-mhalsakant-vidhyalaya
"shree swami vivekanand high school,","sahog nagar talwade, pune, 411044",shree-swami-vivekanand-high-school
shri chakradhar swami school,"katraj, pune, maharashtra",shri-chakradhar-swami-school
shri mhatoba tukaram balwadkar vidyalay,"baner, pune, maharashtra",shri-mhatoba-tukaram-balwadkar-vidyalay
shri shivaji vidyamandir and kanishtha mahavidyalaya aundh,"aundh, pune, maharashtra",shri-shivaji-vidyamandir-and-kanishtha-mahavidyalaya-aundh
snbp,411021,snbp
snbp international school,"wagholi, pune, maharashtra",snbp-international-school
snbp school,"bavdhan, pune, maharashtra",snbp-school
spark nursery school,"baner, pune, maharashtra",spark-nursery-school
spicer highschool,"aundh, pune, maharashtra",spicer-highschool
sppu main building,sppu main building,sppu-main-building
sscd{symbiosis schools central dictorate},"kothrud, pune, maharashtra",sscdsymbiosis-schools-central-dictorate
st ann's school,"nigdi, pune, maharashtra",st-anns-school
st. arnold's central school,"kalyani nagar, pune, maharashtra",st-arnolds-central-school
st. felix highschool,"koregaon park, pune, maharashtra",st-felix-highschool
st. ursula's high school,"akurdi, pune, 411035",st-ursulas-high-school
subhedar ramji maloji ambedkar vidyalay,"viman nagar, pune, maharashtra",subhedar-ramji-maloji-ambedkar-vidyalay
sungrace high school,"salunke vihar road, pune, 411040",sungrace-high-school
supreme academy,"202 a1 wing antariksh society, pune, 411018",supreme-academy
suyog sunderji wisdom school,"lohgaon - wagholi road, wagholi, pune, maharashtra, 412207",suyog-sunderji-wisdom-school
swami vivekanand vidyalay,"bavdhan, pune, maharashtra",swami-vivekanand-vidyalay
symbiosis institute of international business school,"phase 1 hinjewadi, hinjewadi rajiv gandhi infotech park, hinjewadi, pimpri-chinchwad, 411057",symbiosis-institute-of-international-business-school
symbiosis open school,"kothrud, pune, maharashtra",symbiosis-open-school
symbiosis sports center and primary and secondary school,"kothrud, pune, maharashtra",symbiosis-sports-center-and-primary-and-secondary-school
t.i.m.e kids aundh,"baner, pune, maharashtra",time-kids-aundh
tree house school,"kondhwa, pune, maharashtra",tree-house-school
vibgyor high,"magarpatta city, pune, 411013",vibgyor-high
vibgyor school,"hinjawadi, pune, maharashtra",vibgyor-school
vidya niketan,"kothrud, pune, maharashtra",vidya-niketan
vikrant commerce academy,"baner, pune, maharashtra",vikrant-commerce-academy
vivero international pre school and childcare,"baner, pune, maharashtra",vivero-international-pre-school-and-childcare
wadia college,"19, bund garden road, pune, 411001",wadia-college
what iscoaching(really)? a simple guide for beginners,"ravet, pune, maharashtra",what-iscoachingreally-a-simple-guide-for-beginners
what iscoaching?,"ravet, pune, maharashtra",what-iscoaching
yashwantrao chavan academy of development administration,"aundh, pune, maharashtra",yashwantrao-chavan-academy-of-development-administration
"3 best gym indurgapur,wb- expert recommendations","bhosari, pune, maharashtra",3-best-gym-indurgapurwb-expert-recommendations
"5 best gym indurgapur,wb- 5bestincity.com","bhosari, pune, maharashtra",5-best-gym-indurgapurwb-5bestincitycom
endure fitness club - pimple saudagar,"pimple saudagar, pune, maharashtra",endure-fitness-club-pimple-saudagar
explore 12000+gyms& fitness studios available with fitpass,"ravet, pune, maharashtra",explore-12000gyms-fitness-studios-available-with-fitpass
ganeshnagar maidan,"wakad, pune, maharashtra",ganeshnagar-maidan
"get the best fitness workouts,gymsand membership in india","ravet, pune, maharashtra",get-the-best-fitness-workoutsgymsand-membership-in-india
gold's gym india,"ravet, pune, maharashtra",golds-gym-india
gymnear.in,"ravet, pune, maharashtra",gymnearin
"one pass, every gym & fitness space","ravet, pune, maharashtra",one-pass-every-gym-fitness-space
passion fitness,"new dp road, pune, 411007",passion-fitness
popeye fitness,"opp. jupiter hospital, balewadi phata, baner,, balewadi phata, pune, 411045",popeye-fitness
top 10 best fitness centers andgymsin india 2025,"ravet, pune, maharashtra",top-10-best-fitness-centers-andgymsin-india-2025
"top 86 bestgymsindurgapur,west bengal(2026)","bhosari, pune, maharashtra",top-86-bestgymsindurgapurwest-bengal2026
urbounce,"baner, pune, maharashtra",urbounce
youknowfit,"ravet, pune, maharashtra",youknowfit
"20 bestgymsindurgapur, india","bhosari, pune, maharashtra",20-bestgymsindurgapur-india
4 lions academy,"pune, 411027",4-lions-academy
a.r.s gym,"wanowrie, pune, 411040",ars-gym
abhimanyu sables fitness management pvt. ltd.,"camp, pune, 411001",abhimanyu-sables-fitness-management
abs fitness & wellness club,"hadapsar, pune, maharashtra",abs-fitness-wellness-club
abs fitness academy,"kothrud, pune, 411038",abs-fitness-academy
abs for her fitness centre,"kothrud, pune, 411038",abs-for-her-fitness-centre
add fitness,"camp, pune, 411001",add-fitness
aeritrim health centre,"shivaji nagar, pune, 411002",aeritrim-health-centre
air life studio,"aundh, pune, 411007",air-life-studio
ajar fitness solutions,"hadapsar, pune, 411028",ajar-fitness-solutions
akshara fitness centre,"shivaji nagar, pune, 411005",akshara-fitness-centre
amazonas gym,"kalyani nagar, pune, 411014",amazonas-gym
anandban club,"baner, pune, maharashtra",anandban-club
anandnagar badminton hall,"kothrud, pune, maharashtra",anandnagar-badminton-hall
any one fitness,"wakad, pune, maharashtra",any-one-fitness
arch wellness studio,"aundh, pune, 411007",arch-wellness-studio
arms fitness club,"katraj, pune, 411040",arms-fitness-club
army sports institute,"koregaon park, pune, maharashtra",army-sports-institute
arnold health club,"deccan gymkhana, pune, 411004",arnold-health-club
arrow fitness club & arrow group,"wagholi, pune, 412207",arrow-fitness-club-arrow-group
arya sports complex,"wagholi, pune, maharashtra",arya-sports-complex
ashtanga yogashraya,"chinchwad, pune, maharashtra",ashtanga-yogashraya
asole's fitness freak,"pune r.s., pune, 411017",asoles-fitness-freak
aundh gaon vyayam mandal gym,"aundh, pune, maharashtra",aundh-gaon-vyayam-mandal-gym
aundh gym,"aundh, pune, 410007",aundh-gym
avenue gym centre,"kothrud, pune, 411038",avenue-gym-centre
b2b & business services,"pimple gurav, pune, maharashtra",b2b-business-services
balmoral fitness center,"baner, pune, maharashtra",balmoral-fitness-center
becs womens wellness fitness  physio center and,"kondhwa, pune, 411048",becs-womens-wellness-fitness-physio-center-and
beyond fitness,"chinchwad, pune, maharashtra",beyond-fitness
biorhythm yoga studio,"aundh, pune, maharashtra",biorhythm-yoga-studio
body fuel fitness club,"kothrud, pune, maharashtra",body-fuel-fitness-club
body fuelz,"kothrud, pune, 411029",body-fuelz
body kraft fitness studio,"chinchwad, pune, maharashtra",body-kraft-fitness-studio
body master gym,"kothrud, pune, 411038",body-master-gym
bodyguru fitness club,"camp, pune, 411001",bodyguru-fitness-club
bodykraft health club,"hadapsar, pune, 411028",bodykraft-health-club
brahma fitness club,"dhanori, pune, 411015",brahma-fitness-club
brawn fitness club,"dhankawadi, pune, 411046",brawn-fitness-club
callipygian,"aundh, pune, 411007",callipygian
capgemini club house,"hinjawadi, pune, maharashtra",capgemini-club-house
chaitanya health club,"kothrud, pune, 411038",chaitanya-health-club
choice health club,"kothrud, pune, 411029",choice-health-club
city point fitness,"hadapsar, pune, 411028",city-point-fitness
city pride endurance fitness club,"shivaji nagar, pune, 411001",city-pride-endurance-fitness-club
creative fitness gym,"aundh, pune, maharashtra",creative-fitness-gym
cricket academy,"wakad, pune, maharashtra",cricket-academy
cross training fitness point,"kharadi, pune, 411014",cross-training-fitness-point
crunch,"wakad, pune, maharashtra",crunch
cult.fit,"pimple saudagar, pune, maharashtra",cultfit
deccan gymkhana,"deccan gymkhana, pune, 411004",deccan-gymkhana
dheeraj wahi,"viman nagar, pune, 411014",dheeraj-wahi
dotfit fitness,"baner gaon, pune, 411045",dotfit-fitness
dr. anjali's wellness center,"dhankawadi, pune, 411043",dr-anjalis-wellness-center
e square endurance fitness club,"shivaji nagar, pune, 411001",e-square-endurance-fitness-club
education and training,"pimple gurav, pune, maharashtra",education-and-training
ek veera fitness,"chinchwad, pune, maharashtra",ek-veera-fitness
elite fitness,"hadapsar, pune, 411028",elite-fitness
empower gym & fitness hub,"mohamadwadi, pune, 411048",empower-gym-fitness-hub
empower om sai wellness centre,"kondhwa, pune, 411048",empower-om-sai-wellness-centre
endeavour fitness,"warje, pune, 411052",endeavour-fitness
endurance fitness,"pune h.o., pune, 411001",endurance-fitness
enhance your beauty,"kothrud, pune, 411038",enhance-your-beauty
fab - the gym,"shivaji nagar, pune, 411005",fab-the-gym
feel fit health club,"baner gaon, pune, 411045",feel-fit-health-club
fiber fitness,"viman nagar, pune, 411018",fiber-fitness
first fit,"viman nagar, pune, 411014",first-fit
first fitness,"kothrud, pune, 411038",first-fitness
fisher gym,"nana peth, pune, 411002",fisher-gym
fit personal training studio,"pune -, pune, 411001",fit-personal-training-studio
fitbeingz - the gym,"camp, pune, 411001",fitbeingz-the-gym
fitness 1st,"kothrud, pune, 411029",fitness-1st
fitness 9,"wanowrie, pune, 411040",fitness-9
fitness empire,"chinchwad, pune, maharashtra",fitness-empire
fitness first,"shivaji nagar, pune, 411016",fitness-first
fitness first health club,"shivaji nagar, pune, 411005",fitness-first-health-club
fitness forever,"vadgaon sheri, pune, 411014",fitness-forever
fitness mantras,"lohegaon, pune, 411047",fitness-mantras
fitness one,"viman nagar, pune, 411014",fitness-one
fitness planet,"chinchwad, pune, maharashtra",fitness-planet
fitness plus,"hadapsar, pune, 411028",fitness-plus
fitnessmaster,"bibwewadi, pune, 411037",fitnessmaster
fitranger gym bavdhan,"paud road, pune, 411021",fitranger-gym-bavdhan
fitterati,"bavdhan, pune, 411021",fitterati
five garden housing society gym,"wakad, pune, maharashtra",five-garden-housing-society-gym
fly 16,"wakad, pune, maharashtra",fly-16
focus 5,"warje, pune, 411052",focus-5
focus five the total fitness solution,"warje, pune, 411058",focus-five-the-total-fitness-solution
freelancer_balwan,"bhosari midc, pune, 411026",freelancerbalwan
game point,"wakad, pune, maharashtra",game-point
geam fitness centre,"wanwadi, pune, 411040",geam-fitness-centre
gitai group vitendar musclemania,"hadapsar, pune, 411028",gitai-group-vitendar-musclemania
gold's gym,"wakad, pune, maharashtra",golds-gym
grace fitness,"gawade nagar rd, pune, 411033",grace-fitness
h2o nutrition,"hadapsar, pune, 411028",h2o-nutrition
hadapsar gliding centre,"hadapsar, pune, maharashtra",hadapsar-gliding-centre
health craft yoga centre,"kalyani nagar, pune, 411014",health-craft-yoga-centre
hermes health club,"camp, pune, 411001",hermes-health-club
himali society gym,"kothrud, pune, maharashtra",himali-society-gym
home fitness direct,"camp, pune, 411001",home-fitness-direct
home trainer and nutritionist at home,"aundh, pune, 411007",home-trainer-and-nutritionist-at-home
hotel parc estique,"viman nagar, pune, 411014",hotel-parc-estique
hrushikesh vanjari,"kothrud, pune, 411052",hrushikesh-vanjari
imperial fitness centre,"warje, pune, 411058",imperial-fitness-centre
inclined fitness,"pune., pune, 411037",inclined-fitness
infinity fitness & wellness studio,"kondhwa budruk, pune, 411048",infinity-fitness-wellness-studio
jijawo gym,"bibwewadi, pune, 411037",jijawo-gym
jnana prabodhini gym fitness center,"shivaji nagar, pune, 411002",jnana-prabodhini-gym-fitness-center
josh fitness,"shivaji nagar, pune, 411005",josh-fitness
just to be fit,"gultekdi, pune, 411037",just-to-be-fit
k. gulabchand,"camp, pune, 411001",k-gulabchand
kailasdham fitness centre,"dhanori, pune, 411015",kailasdham-fitness-centre
kala vaibhav pooja fitness club,"chinchwad, pune, maharashtra",kala-vaibhav-pooja-fitness-club
karishma health club,"kothrud, pune, maharashtra",karishma-health-club
kettlebell gym,"uttamnagar road, bavdhan budruk, 411021",kettlebell-gym
krida maharshi haribhau sane fitness club,"narayan peth, pune, 411030",krida-maharshi-haribhau-sane-fitness-club
kuchekar fitness management pvt. ltd.,"hadapsar, pune, 411028",kuchekar-fitness-management
kurukshetra,"baner, pune, maharashtra",kurukshetra
life core fitness centre,"hadapsar, pune, 411028",life-core-fitness-centre
life fitness india pvt. ltd.,"wanowrie, pune, 411022",life-fitness-india
manalis fitness centre,"ambegaon budruk, pune, 411046",manalis-fitness-centre
master piece gym,"katraj, pune, 411046",master-piece-gym
maximum fit,"chinchwad, pune, maharashtra",maximum-fit
meragym,"ravet, pune, maharashtra",meragym
metrocity sports and health club,"kothrud, pune, maharashtra",metrocity-sports-and-health-club
metrocity sports club,"kothrud, pune, maharashtra",metrocity-sports-club
mg fitness pune,mg fitness pune,mg-fitness-pune
modern martial arts fitness centre,"office 107a, someshwar temple road",modern-martial-arts-fitness-centre
multifit,"baner, pune, maharashtra",multifit
multifit baner,"baner, pune, maharashtra",multifit-baner
muscle base gym centre,"kharadi, pune, 411014",muscle-base-gym-centre
my gym,"kothrud, pune, 411038",my-gym
nancy lake homes club house,"katraj, pune, maharashtra",nancy-lake-homes-club-house
nandi fitness (gym),"bhosari, pune, maharashtra",nandi-fitness-gym
nature's bountry,"koregaon park, pune, 411001",natures-bountry
nutritician consultant & weight loss center,"warje, pune, 411029",nutritician-consultant-weight-loss-center
o 2 fitness club,"katraj, pune, 410614",o-2-fitness-club
olympus health club,"kothrud, pune, 411038",olympus-health-club
om dalvi memorial tennis school,"aundh, pune, maharashtra",om-dalvi-memorial-tennis-school
om sai health club & fitness centre,"vadgaon budruk, pune, 411041",om-sai-health-club-fitness-centre
omkar power house gym,"ghorpadi, pune, 411001",omkar-power-house-gym
open gym,"wakad, pune, maharashtra",open-gym
optimum health the gym,"kothrud, pune, 411029",optimum-health-the-gym
origin fitness club,"warje, pune, 411058",origin-fitness-club
oxygym and fitness centre,"ganesh nagar, dange chowk road, thergaon, pune, 411033",oxygym-and-fitness-centre
p40x fitness studio,"erandwane, pune, 411004",p40x-fitness-studio
pacific sports arena,"hinjawadi, pune, maharashtra",pacific-sports-arena
pallavi a. chipalkatti,"shivaji nagar, pune, 411016",pallavi-a-chipalkatti
paradise hardcore gym,"hadapsar, pune, 411028",paradise-hardcore-gym
pawar gym & health club,"hadapsar, pune, 411028",pawar-gym-health-club
personal fitness trainer,"modi colony, pune, 411043",personal-fitness-trainer
personal service,"pimple gurav, pune, maharashtra",personal-service
pharaohs health club,"swargate, pune, 411042",pharaohs-health-club
physc gym center,"hadapsar, pune, 411028",physc-gym-center
physique gym,"kondhwa, pune, 411048",physique-gym
poona parsi gymkhana,"camp, pune, 411001",poona-parsi-gymkhana
popular categories,"pimple gurav, pune, maharashtra",popular-categories
power factory,near maureshwar gansh temple,power-factory
power fitness club,"shivaji nagar, pune, 411016",power-fitness-club
priority international holiday club pvt. ltd.,"aundh, pune, 411007",priority-international-holiday-club
pro-fit gym,"2nd floor, adtiya shagun mall, nda-pashan road, bavdhan, pune, 411021",pro-fit-gym
proswim,"wakad, pune, maharashtra",proswim
pumping gym,"parvati paytha, pune, 411009",pumping-gym
pyc hindu gymkhana,"deccan gymkhana, pune, 411004",pyc-hindu-gymkhana
quantum fitness training & consultant,"shivaji nagar, pune, 411016",quantum-fitness-training-consultant
raflex preventive health & fitness club,"hadapsar, pune, 411028",raflex-preventive-health-fitness-club
raj gym & fitness center,"chinchwad, pune, maharashtra",raj-gym-fitness-center
raja shivachatrapati krida sankul,"bavdhan, pune, maharashtra",raja-shivachatrapati-krida-sankul
range hill health club,"khadki, pune, 411003",range-hill-health-club
ray's fitness studio,"baner, pune, maharashtra",rays-fitness-studio
recomp fitness pvt. ltd.,"koregaon park, pune, 411001",recomp-fitness
recreation hall,"kondhwa, pune, maharashtra",recreation-hall
rishi sanskruti vidya kendra,"deccan gymkhana, pune, 411004",rishi-sanskruti-vidya-kendra
rivaah regency co. op. housing society gym & club house,"nagar road, wagholi, 412207",rivaah-regency-op-housing-society-gym-club-house
rock hard fitness club,"chinchwad, pune, maharashtra",rock-hard-fitness-club
royal fitness,"tingre nagar, pune, 411032",royal-fitness
s - square fitness centre,"rahatani, pimpri chinchwad, 411017",s-square-fitness-centre
sahayog health & fitness center,"hadapsar, pune, 412308",sahayog-health-fitness-center
samarth health club,"chinchwad, pune, maharashtra",samarth-health-club
sammy fitness studio,"sadashiv peth, pune, 411030",sammy-fitness-studio
sanjay sports club,"baner, pune, maharashtra",sanjay-sports-club
saumya sinha,"shivaji nagar, pune, 411016",saumya-sinha
sef fitness,"aundh, pune, 411007",sef-fitness
shakti sports,"sadashiv peth, pune, 411030",shakti-sports
shivaji rao bhosle sweemming,"shivaji nagar, pune, 411005",shivaji-rao-bhosle-sweemming
shivas fitness club,"shivas gym hinjewadi phase 1, pune, 411057",shivas-fitness-club
shree fitness services,"chinchwad, pune, maharashtra",shree-fitness-services
shree gajanan enterprises,"sadashiv peth, pune, 411030",shree-gajanan-enterprises
shree gym,"viman nagar, pune, 411014",shree-gym
shree shivchhatrapati kridanagari,"pune, 411045",shree-shivchhatrapati-kridanagari
shree sports & nutritions,"vadgaon sheri, pune, 411014",shree-sports-nutritions
shubham health centre,"chandan nagar, pune, 411014",shubham-health-centre
silver fitness club,"bavdhan, pune, 411033",silver-fitness-club
silver sports club,"wakad, pune, maharashtra",silver-sports-club
sky fit gym,"pune, 411033",sky-fit-gym
slimwell clinic,"sadashiv peth, pune, 411030",slimwell-clinic
slimwell fitness studio,"kothrud, pune, 411029",slimwell-fitness-studio
smitha gym,"bavdhan, pune, 411021",smitha-gym
snap fitness 24*7,"viman nagar, pune, 411014",snap-fitness-247
solaris,"pimple saudagar, pune, maharashtra",solaris
solaris fitness club,"kothrud, pune, maharashtra",solaris-fitness-club
solaris fitness world,"kothrud, pune, 411029",solaris-fitness-world
spark gym,"wanowrie, pune, 411040",spark-gym
sportive cricket academy,"aundh, pune, maharashtra",sportive-cricket-academy
sports & more,"viman nagar, pune, 411014",sports-more
st laurn business hotel,"koregaon park, pune, 411001",st-laurn-business-hotel
stamvia,"baner, pune",stamvia
star beauty & gym,"katraj, pune, 411046",star-beauty-gym
star gym slimming centre,"katraj, pune, 411045",star-gym-slimming-centre
status health club,"deccan gymkhana, pune, 411004",status-health-club
streamers india,"kondhwa, pune, 411048",streamers-india
stretch fitness,"wanowrie, pune, 411040",stretch-fitness
structure fitness world,"wagholi, pune, 412207",structure-fitness-world
studio velocity,"baner road, pune, 411021",studio-velocity
sunrise health club & fitness centre,"kondhwa budruk, pune, 411046",sunrise-health-club-fitness-centre
swami vivekanand sports club and meditation hall,"bavdhan, pune, maharashtra",swami-vivekanand-sports-club-and-meditation-hall
sweat perfect gym,"bavdhan, pune, 411038",sweat-perfect-gym
symphony club,"baner, pune, maharashtra",symphony-club
talwalkars,"kothrud, pune, 411029",talwalkars
talwalkars fitness,"viman nagar, pune, 411014",talwalkars-fitness
talwalkars fitness fellowship,"koregaon park, pune, 411001",talwalkars-fitness-fellowship
talwalkars gym,"viman nagar, pune, 411014",talwalkars-gym
talwalkars hifi gym,"ghorpadi, pune, 411001",talwalkars-hifi-gym
talwalkars spreading fitness,"viman nagar, pune, 411018",talwalkars-spreading-fitness
tejas fitness point,"shukrawar peth, pune, 411002",tejas-fitness-point
tejas health centre,"chinchwad, pune, maharashtra",tejas-health-centre
tennis courts,"hadapsar, pune, maharashtra",tennis-courts
the fitness floor,"shivaji nagar, pune, 411005",the-fitness-floor
the healthy & weight loss center,"bopkhel, pune, 411007",the-healthy-weight-loss-center
the lungesz,"deccan gymkhana, pune, 411004",the-lungesz
the weight managers,"kothrud, pune, 411038",the-weight-managers
the wellness club,"kothrud, pune, 411038",the-wellness-club
thergaav swimming pool,"wakad, pune, maharashtra",thergaav-swimming-pool
top 21 gym indurgapur wbindia,"bhosari, pune, maharashtra",top-21-gym-indurgapur-wbindia
top cities,"pimple gurav, pune, maharashtra",top-cities
top localities,"pimple gurav, pune, maharashtra",top-localities
tranceform fitness club,"dhankawadi, pune, 411043",tranceform-fitness-club
transform wellness and fitness club,"kalyani nagar, pune, 411014",transform-wellness-and-fitness-club
trimurti gym,"karve nagar, pune, 411052",trimurti-gym
tushar fitness studio,"kondhwa, pune, 411048",tushar-fitness-studio
ultimate fitness,"katraj, pune, 411046",ultimate-fitness
universal fitness club,"wagholi, pune, 412207",universal-fitness-club
university  gym centre,"aundh, pune, 411007",university-gym-centre
university gymnasium,"ganeshkhind, pune, 411007",university-gymnasium
vajra vyayam shala,"katraj, pune, 411046",vajra-vyayam-shala
varroc vengsarkar cricket ground,"wakad, pune, maharashtra",varroc-vengsarkar-cricket-ground
vikas gaiwad,"new sangvi, pune, 411061",vikas-gaiwad
vishwa gym,"kondhwa budruk, pune, 411046",vishwa-gym
vitality fitness club,"kondhwa, pune, 411048",vitality-fitness-club
vitenders musclemania,"kondhwa, pune, 411048",vitenders-musclemania
vivanta by taj blue diamond,"koregaon park, pune, 411001",vivanta-by-taj-blue-diamond
wellness expert,"viman nagar, pune, 411014",wellness-expert
womens arena gym,"deccan gymkhana, pune, 411004",womens-arena-gym
world gym,"viman nagar, pune, 411014",world-gym
xmenia fitness club,"kothrud, pune, 411029",xmenia-fitness-club
xmenia hifi fitness club,"kothrud, pune, 411038",xmenia-hifi-fitness-club
xtreme health & fitness,"hadapsar, pune, 412307",xtreme-health-fitness
xtrim fitness gym & swimming pool,"chinchwad, pune, maharashtra",xtrim-fitness-gym-swimming-pool
yfc live fit,"koregaon park, pune, 411001",yfc-live-fit
yoddha gym,"warje, pune, 411058",yoddha-gym
yoga training centre,"market yard, pune, 411037",yoga-training-centre
your fitness club,"swargate, pune, 411037",your-fitness-club
zumba fitness classes,"chinchwad, pune, maharashtra",zumba-fitness-classes
कावेरीनगर क्रीडा संकुल,"wakad, pune, maharashtra",business
चोंधे क्रीडांगण,"wakad, pune, maharashtra",business-wakad
नायट्रो जीम,k rambhau dada kalate marg,business-k-rambhau-dada-kalate-marg
पिंपळे सौदागर क्रीडांगण,"pimple saudagar, pune, maharashtra",business-pimple-saudagar
पूर्णानंद योग,"wakad, pune, maharashtra",business-wakad-2
सारयोग,"wakad, pune, maharashtra",business-wakad-3
ॐ योग साघन,"wakad, pune, maharashtra",business-wakad-4
enrice,"kondhwa, pune, maharashtra",enrice
"find & booksalons, spas & parlours near you","ravet, pune, maharashtra",find-booksalons-spas-parlours-near-you
home,"ravet, pune, maharashtra",home
salongo,"ravet, pune, maharashtra",salongo
zynkio,"ravet, pune, maharashtra",zynkio
365 salon,"uttamnagar road, bavdhan budruk, 411021",365-salon
arman men's parlour,"uttamnagar road, bavdhan budruk, 411021",arman-mens-parlour
beauty unisex salon,"rambaug colony road, pune, 411038",beauty-unisex-salon
bella,"hinjawadi, pune, maharashtra",bella
beyond beauty unisex salon,"bavdhan, pune, maharashtra",beyond-beauty-unisex-salon
boho,"hinjawadi, pune, maharashtra",boho
classic men's parlour,"uttamnagar road, pune, 411021",classic-mens-parlour
cool kuts,"koregaon park, pune, maharashtra",cool-kuts
cute cut,"kharadi, pune, maharashtra",cute-cut
divine saloon,"wakad, pune, maharashtra",divine-saloon
geetanjali salon,"koregaon park, pune, maharashtra",geetanjali-salon
glamour zone salon,"kondhwa, pune, maharashtra",glamour-zone-salon
glow salon,"wakad, pune, maharashtra",glow-salon
golden scissor,"wakad, pune, maharashtra",golden-scissor
grace,"hinjawadi, pune, maharashtra",grace
groomy,"ravet, pune, maharashtra",groomy
gurudutta saloon,"137, bavdhan gaon rd, 411021",gurudutta-saloon
habib hair and beauty salon,"pimple nilakh, pune, maharashtra",habib-hair-and-beauty-salon
habib's hair and beauty unisex salon,"pimple saudagar, pune, maharashtra",habibs-hair-and-beauty-unisex-salon
habibs,"pimple saudagar, pune, maharashtra",habibs
habibs hair & beauty,"hinjawadi, pune, maharashtra",habibs-hair-beauty
hair express men's parlour,"hinjawadi, pune, maharashtra",hair-express-mens-parlour
hair expresso,"katraj, pune, maharashtra",hair-expresso
hair port,"wakad, pune, maharashtra",hair-port
hair resto salon,"pimple saudagar, pune, maharashtra",hair-resto-salon
hair villa,"hinjawadi, pune, maharashtra",hair-villa
hairdresser,"hadapsar, pune, maharashtra",hairdresser
hairitage,"wakad, pune, maharashtra",hairitage
head office,"wakad, pune, maharashtra",head-office
hollwood,"kondhwa, pune, maharashtra",hollwood
hs hair n style salon,"pimple saudagar, pune, maharashtra",hs-hair-n-style-salon
image hairdressers,"shop no. 12, 411052",image-hairdressers
javed habib,"wakad, pune, maharashtra",javed-habib
jawed habib hair & beauty,"hinjawadi, pune, maharashtra",jawed-habib-hair-beauty
jawed habib hair studio,k rambhau dada kalate marg,jawed-habib-hair-studio
lotus beauty parlour,"vishwashanti marg, pune, 411038",lotus-beauty-parlour
master unisex salon,"katraj, pune, maharashtra",master-unisex-salon
new pawar hair salon,"ekta colony, ganesh nagar, yashoda colony, thergaon, pimpri-chinchwad, maharashtra 411033",new-pawar-hair-salon
novelty beauty parlour,"narayan annaji shinde road, pune, 411048",novelty-beauty-parlour
queen beauty palace,"pimple nilakh, pune, maharashtra",queen-beauty-palace
sai shradha salon,"viman nagar, pune, maharashtra",sai-shradha-salon
salonhub,"ravet, pune, maharashtra",salonhub
sana,"kharadi, pune, maharashtra",sana
shades,"koregaon park, pune, maharashtra",shades
shape and glow,"chinchwad, pune, maharashtra",shape-and-glow
shear experts,"hinjawadi, pune, maharashtra",shear-experts
smart look barber shop,"bavdhan, pune, maharashtra",smart-look-barber-shop
style up,"hinjawadi, pune, maharashtra",style-up
surya men's parlour,"bavdhan, pune, maharashtra",surya-mens-parlour
taj saloon,"pimple nilakh, pune, maharashtra",taj-saloon
the comb,"wakad, pune, maharashtra",the-comb
tip top hair salon,"kharadi, pune, maharashtra",tip-top-hair-salon
titan salon,"wakad, pune, maharashtra",titan-salon
varad salon,"hinjawadi, pune, maharashtra",varad-salon
क्लासिक मेन्स पार्लर,"windward society, shop 12, kaspate vasti road",business-windward-society
गजानन केश कर्तनालय,"chinchwad, pune, maharashtra",business-chinchwad
श्रीनाथ केश भुषा,"chinchwad, pune, maharashtra",business-chinchwad-2
freshpress cafe,"sector 32, ravet - walhekarwadi road, ravet, pune, 412101",freshpress-cafe
zingat missal,"ravet, pune, maharashtra",zingat-missal
ratna amrutatulya,"ravet, pune, maharashtra",ratna-amrutatulya
the shawarma cafe,"sangvi phata-mukai chowk brts road, ravet",the-shawarma-cafe
vidya's book cafe,"mp3q+c5g, aundh-ravet road, pimpri-chinchwad, 412101",vidyas-book-cafe
pokket cafe,"shop no.8 kohinoor grandure, mukai chowk, aundh-ravet road, ravet, 4122101",pokket-cafe
kiosk kaffee,"1, aundh-ravet road, ravet, 412101",kiosk-kaffee
santosh sweets,"santosh sweets, vikas nagar road, pune, 412101",santosh-sweets
cách tạo powerpoint bằng claude ai đơn giản và chi tiết,"ravet, pune, maharashtra",cch-to-powerpoint-bng-claude-ai-n-gin-v-chi-tit
cafe coffee day,"wakad, pune, maharashtra",cafe-coffee-day
kunal tea and snacks,"wakad, pune, maharashtra",kunal-tea-and-snacks
येवले अमृततुल्य,"wakad, pune, maharashtra",business-wakad-5
श्री स्वामी समर्थ अमृततुल्य,"wakad, pune, maharashtra",business-wakad-6
cafe peter,"wakad, pune, maharashtra",cafe-peter
फेमस स्पेशल चहा,"wakad, pune, maharashtra",business-wakad-7
mauli tea center,"wakad, pune, maharashtra",mauli-tea-center
coffee lounge,"wakad, pune, maharashtra",coffee-lounge
bombay culture,"wakad, pune, maharashtra",bombay-culture
अमूल,"wakad, pune, maharashtra",business-wakad-8
कॅफे दुर्गा,"wakad, pune, maharashtra",business-wakad-9
read and brew,"wakad, pune, maharashtra",read-and-brew
mystic cafe,"wakad, pune, maharashtra",mystic-cafe
urja studio,"wakad, pune, maharashtra",urja-studio
चाय डेस्टिनेशन,"wakad, pune, maharashtra",business-wakad-10
big bean cafe,"wakad, pune, maharashtra",big-bean-cafe
the irish coffee,"wakad, pune, maharashtra",the-irish-coffee
साई दर्शिनी कॅफे,"wakad, pune, maharashtra",business-wakad-11
cafe durga,"wakad, pune, maharashtra",cafe-durga
irani cafe,"wakad, pune, maharashtra",irani-cafe
leafy green cafe,"wakad, pune, maharashtra",leafy-green-cafe
big burp cafe,"wakad, pune, maharashtra",big-burp-cafe
cheesy crazy cafe,"wakad, pune, maharashtra",cheesy-crazy-cafe
sweet bengal,"wakad, pune, maharashtra",sweet-bengal
robusta,"wakad, pune, maharashtra",robusta
chaichaska,"wakad, pune, maharashtra",chaichaska
kulhad,"wakad, pune, maharashtra",kulhad
जायका चाय,"wakad, pune, maharashtra",business-wakad-12
krushna amruttulya,"wakad, pune, maharashtra",krushna-amruttulya
16 no ki chai,"shri chatrapati shivaji maharaj road, pune, 411057",16-no-ki-chai
soundtrack cafe,"wakad, pune, maharashtra",soundtrack-cafe
opera house,"wakad, pune, maharashtra",opera-house
v k cafe,"wakad, pune, maharashtra",v-k-cafe
southway coffee,"wakad, pune, maharashtra",southway-coffee
coffea,"wakad, pune, maharashtra",coffea
starbucks,"wakad, pune, maharashtra",starbucks
aloha bistro and sizzlers,"wakad, pune, maharashtra",aloha-bistro-and-sizzlers
wagh bakri tea lounge,"wakad, pune, maharashtra",wagh-bakri-tea-lounge
how long is the onyx river in antarctica?,"wakad, pune, maharashtra",how-long-is-the-onyx-river-in-antarctica
what is the longest river of antarctica?,"wakad, pune, maharashtra",what-is-the-longest-river-of-antarctica
garam tawa bistro & herbal cafe,"baner, pune, maharashtra",garam-tawa-bistro-herbal-cafe
bhau's cafe,"pashan-sus road, pune, 411021",bhaus-cafe
sd cafe,"pashan-sus road, pune, 411021",sd-cafe
